ID,sapLandscape,systemAlias,messageType,description,createdAt,createdBy,modifiedAt,modifiedBy,validFrom,validTo
24334489-bed6-44b8-8bf4-c7472286d19d,apLandscape-24334489,systemAlias-24334489,messageType-24334489,description-24334489,2016-08-05T00:00:00.000Z,createdBy.ehkm1@example.net,2004-01-22T00:00:00.000Z,modifiedBy.ehkm1@example.org,2019-12-16T00:00:00.000Z,2019-05-14T00:00:00.000Z
24334490-cd49-4fe6-bf13-fd018662a2f1,apLandscape-24334490,systemAlias-24334490,messageType-24334490,description-24334490,2008-03-04T00:00:00.000Z,createdBy.ehkm2@example.org,2021-05-18T00:00:00.000Z,modifiedBy.ehkm2@example.net,2002-06-08T00:00:00.000Z,2019-08-03T00:00:00.000Z
24334491-ad51-40ac-ad68-86d4cb5936e0,apLandscape-24334491,systemAlias-24334491,messageType-24334491,description-24334491,2012-01-21T00:00:00.000Z,createdBy.ehkm3@example.com,2022-04-06T00:00:00.000Z,modifiedBy.ehkm3@example.net,2011-12-01T00:00:00.000Z,2000-04-24T00:00:00.000Z
24334492-6c87-47b9-95e5-28e25b93fad6,apLandscape-24334492,systemAlias-24334492,messageType-24334492,description-24334492,2023-07-07T00:00:00.000Z,createdBy.ehkm4@example.org,2013-06-02T00:00:00.000Z,modifiedBy.ehkm4@example.com,2008-09-20T00:00:00.000Z,2004-07-28T00:00:00.000Z
24334493-ec6e-4ca8-b7d2-bd487eda50a0,apLandscape-24334493,systemAlias-24334493,messageType-24334493,description-24334493,2011-01-14T00:00:00.000Z,createdBy.ehkm5@example.net,2013-03-23T00:00:00.000Z,modifiedBy.ehkm5@example.com,2004-08-11T00:00:00.000Z,2010-08-10T00:00:00.000Z
24334494-57d3-4cfa-8faf-b585318199a2,apLandscape-24334494,systemAlias-24334494,messageType-24334494,description-24334494,2004-06-10T00:00:00.000Z,createdBy.ehkm6@example.com,2012-05-19T00:00:00.000Z,modifiedBy.ehkm6@example.org,2017-02-16T00:00:00.000Z,2008-09-04T00:00:00.000Z
24334495-9418-46d5-891d-de5f5be521dc,apLandscape-24334495,systemAlias-24334495,messageType-24334495,description-24334495,2005-07-30T00:00:00.000Z,createdBy.ehkm7@example.org,2011-10-29T00:00:00.000Z,modifiedBy.ehkm7@example.org,2005-10-29T00:00:00.000Z,2021-09-24T00:00:00.000Z
24334496-3739-45ac-90f2-4ebb2d9e0185,apLandscape-24334496,systemAlias-24334496,messageType-24334496,description-24334496,2005-07-28T00:00:00.000Z,createdBy.ehkm8@example.net,2008-02-13T00:00:00.000Z,modifiedBy.ehkm8@example.com,2022-06-30T00:00:00.000Z,2005-07-20T00:00:00.000Z
24334497-3418-4657-b484-08a493caf1a4,apLandscape-24334497,systemAlias-24334497,messageType-24334497,description-24334497,2002-02-05T00:00:00.000Z,createdBy.ehkm9@example.org,2018-10-03T00:00:00.000Z,modifiedBy.ehkm9@example.net,2010-03-02T00:00:00.000Z,2004-10-15T00:00:00.000Z
24334498-edbc-4f57-8164-be331ba4fd51,apLandscape-24334498,systemAlias-24334498,messageType-24334498,description-24334498,2016-09-05T00:00:00.000Z,createdBy.ehkma@example.com,2000-10-18T00:00:00.000Z,modifiedBy.ehkma@example.com,2022-01-04T00:00:00.000Z,2011-10-22T00:00:00.000Z