ID,sapLandscape,systemAlias,messageType,active,metadataLoaded,lastLoadedAt,createdAt,createdBy,modifiedAt,modifiedBy
39432634-be70-4feb-86a8-58f6c6ac731d,sapLandscape-3943263,systemAlias-3943263,messageType-3943263,false,false,2017-03-23T00:00:00.000Z,2000-09-27T00:00:00.000Z,createdBy.2cin3@example.org,2006-04-03T00:00:00.000Z,modifiedBy.2cin3@example.net
39432649-4bc2-4ada-95df-8ef46b9fafc0,sapLandscape-3943264,systemAlias-3943264,messageType-3943264,true,true,2001-03-02T00:00:00.000Z,2008-09-10T00:00:00.000Z,createdBy.2cin4@example.net,2014-02-15T00:00:00.000Z,modifiedBy.2cin4@example.org
39432650-f83a-4c01-8f8e-689e4c2166dc,sapLandscape-3943265,systemAlias-3943265,messageType-3943265,false,false,2017-05-17T00:00:00.000Z,2009-07-01T00:00:00.000Z,createdBy.2cin5@example.org,2007-04-30T00:00:00.000Z,modifiedBy.2cin5@example.org
3943266f-58a1-4f5f-8904-8a4cb1406edf,sapLandscape-3943266,systemAlias-3943266,messageType-3943266,true,true,2015-10-05T00:00:00.000Z,2015-09-01T00:00:00.000Z,createdBy.2cin6@example.net,2000-05-11T00:00:00.000Z,modifiedBy.2cin6@example.net
39432672-7e53-4a0f-a42f-d6f9d084b182,sapLandscape-3943267,systemAlias-3943267,messageType-3943267,false,false,2010-07-13T00:00:00.000Z,2003-02-17T00:00:00.000Z,createdBy.2cin7@example.net,2007-02-11T00:00:00.000Z,modifiedBy.2cin7@example.com
3943268c-5718-44f1-9653-8f9af4648f10,sapLandscape-3943268,systemAlias-3943268,messageType-3943268,true,true,2003-01-20T00:00:00.000Z,2005-08-10T00:00:00.000Z,createdBy.2cin8@example.net,2014-03-10T00:00:00.000Z,modifiedBy.2cin8@example.com
39432695-6d09-4a5c-a5d2-1d8e4c3f0264,sapLandscape-3943269,systemAlias-3943269,messageType-3943269,false,false,2021-05-21T00:00:00.000Z,2005-09-12T00:00:00.000Z,createdBy.2cin9@example.com,2003-07-25T00:00:00.000Z,modifiedBy.2cin9@example.net
3943270b-d2e6-40a2-bb43-ca4784c93b6e,sapLandscape-3943270,systemAlias-3943270,messageType-3943270,true,true,2016-04-19T00:00:00.000Z,2023-08-15T00:00:00.000Z,createdBy.2cina@example.com,2017-10-07T00:00:00.000Z,modifiedBy.2cina@example.com
39432711-9d0f-4db9-a4c7-34a8ec373577,sapLandscape-3943271,systemAlias-3943271,messageType-3943271,false,false,2015-12-04T00:00:00.000Z,2007-05-20T00:00:00.000Z,createdBy.2cinb@example.net,2011-05-19T00:00:00.000Z,modifiedBy.2cinb@example.net
39432723-f9d9-41cc-adaf-ab172744c9c4,sapLandscape-3943272,systemAlias-3943272,messageType-3943272,true,true,2007-11-24T00:00:00.000Z,2001-07-19T00:00:00.000Z,createdBy.2cinc@example.com,2019-06-20T00:00:00.000Z,modifiedBy.2cinc@example.net